roc,tn,fp,fn,tp,avg_train_time,avg_test_time,std_train_time,std_test_time,min_train_time,min_test_time,max_train_time,max_test_time
0.6517857142857143,7,1,4,3,15.107377592722575,1.0508090813954671,2.9826548594838354,0.06381769011507142,10.531365633010864,1.000136137008667,20.14583110809326,1.2401509284973145
